pid,orden,label,document_category,document_ type,intended_audience,creator_s,year ,summaryESP,summaryEN,source,,Contacto para pedir permiso,BRU contact,Status of permission,Permission in folder ,,,Official description
doc001,1,Principios Rectores para la Búsqueda de Personas Desaparecidas,Voces desde la búsqueda,Principios rectores,Público General y Recurso para colectivos y personas buscadoras,Oficina en México del Alto Comisionado de las Naciones Unidas para los Derechos Humanos y Comisión Nacional de los Derechos Humanos,2019,"Este documento define 16 Principios rectores para la búsqueda de personas desaparecidas basados en diversos instrumentos, órganos internacionales y países. Reflejan una consolidación de buenas y efectivas prácticas para la búsqueda de personas desaparecidas, derivadas del diálogo y consulta con expertas y expertos en la materia. Esta recopliación se inspira en puntos básicos del “derecho de las víctimas de violaciones de las normas internacionales de DDHH y violaciones graves del derecho internacional humanitario”. Asimismo, enfatizan el papel significativo de las víctimas en la búsqueda y en su dercecho a formar o participar libremente en orgranizaciones que trabajen el tema o que asisten a las víctimas. ",,https://www.cndh.org.mx/documento/principios-rectores-para-la-busqueda-de-personas-desaparecidas,,Documento público CNDH,,,,,,
doc002,2,Caminos para la búsqueda en vida: saberes y experiencias de familias y colectivos,Herramientas para la búsqueda,Guía Búsqueda en Vida,Recurso para colectivos y personas buscadoras,GIASF - Grupo de Investigación en Antropología Social y Forense; SERAPAZ - Servicios y Asesoría para la Paz,2020,"Caminos para la búsqueda en vida es un informe informativo basado en la recuperación de las prácticas y conocimientos de las familias investigadas, realizado por el Grupo de Investigación en Antropología Social y Forense (GIASF) y la organización Servicios y Asesoría para la Paz, A. C. (Serapaz). Se trata, por tanto, de un reconocimiento de la calidad de los expertos y productores de conocimientos y saberes de las familias y contradice la opinión de que el ""conocimiento experto"" sólo procede de las universidades o autoridades y menosprecia el conocimiento de las familias porque ""carece de metodología"". Este documento se basa en lo que las familias han hecho en sus investigaciones, por lo que no describe lo que debería hacerse, sino que sistematiza y recoge lo que realmente hacen, ofreciendo así una imagen práctica y accesible. La información que contiene está hecha por familias para familias en búsqueda y pretende ayudar a las nuevas familias en su viaje, reconociendo todos los aspectos de la investigación, es decir: las cuestiones relacionadas con la organización de los colectivos, la investigación, la seguridad en el viaje, pero también el cansancio emocional y físico. También se habla de la búsqueda de migrantes desaparecidos y del papel de las mujeres en la búsqueda. Está escrito de forma muy comprensible, humana y directa. Entre otros puntos fuertes de este texto está que es relativamente reciente, publicado en 2020, y es la sistematización de un largo proceso de redacción de otros documentos, otras guías. Esta guía es, por tanto, única porque cuenta de la mano de expertos lo que no se cuenta en otros lugares: lo difícil y complicada que es la posición de las familias en el momento de la investigación y, al mismo tiempo, la fuerza que se dan las familias entre sí.","Caminos para la búsqueda en vida is an informative report based on the recovery of the practices and knowledge of the families investigated, carried out by the Grupo de Investigación en Antropología Social y Forense (GIASF) and the organization Servicios y Asesoría para la Paz, A. C. (Serapaz). It is, therefore, a recognition of the quality of the experts and producers of knowledge and wisdom of the families and contradicts the view that ""expert knowledge"" only comes from universities or authorities and belittles the knowledge of the families because it ""lacks methodology"".  This document is based on what families have done in their research, so it does not describe what should be done, but systematizes and collects what they actually do, thus offering a practical and accessible picture. The information it contains is made by families for families in search and aims to help new families in their journey, recognizing all aspects of the research, i.e.: issues related to the organization of collectives, research, safety in the journey, but also emotional and physical exhaustion. It also discusses the search for missing migrants and the role of women in the search. It is written in a very understandable, human and direct way. Among other strengths of this text is that it is relatively recent, published in 2020, and is the systematization of a long process of writing other documents, other guides. This guide is therefore unique because it tells from the hand of experts what is not told elsewhere: how difficult and complicated is the position of families at the time of research and, at the same time, the strength that families give to each other.",https://www.giasf.org/publicaciones-del-giasf.html,,Carolina Robledo: carolina.robledo@ciesas.edu.mx o May-ek Querales: mayekerales@gmail.com,Giorgia,Approved,,,,"La guía “Caminos para la búsqueda en vida: saberes y experiencias desde familias y colectivos” es un trabajo colaborativo del Grupo de Investigación en Antropología Social y Forense (GIASF) y la organización Servicios y Asesoría para la Paz, A. C. (Serapaz). Estas páginas pretenden ser una herramienta que facilite el camino a quien busca a un ser querido desaparecido. Buscan proveer datos, consejos y aspectos de interés que resultan poco accesibles en esos primeros momentos en los que es tan importante actuar, con acento especial en las mujeres y las personas migrantes, quienes se encuentran en situación de vulnerabilidad añadida. La guía también recoge recomendaciones para extender la búsqueda de personas desaparecidas con vida a través de los años."
doc003,3,Guia de Búsqueda de Personas Desaparecidas con Enfoque en la Verdad y la Justicia,Herramientas para la búsqueda,Guia Búsqueda en Campo,Recurso para colectivos y personas buscadoras,GIASF - Grupo de Investigación en Antropología Social y Forense,2018,"La Guía de Búsqueda de Personas Desaparecidas con a y Justicia está dirigida principalmente a los familiares de las personas desaparecidas y a los cuidadores solidarios que han decidido contrarrestar los efectos de la desaparición realizando búsquedas dentro del marco legal. Se trata de un texto muy fácil da leer y comprender, completo y extenso, elaborado por el grupo de investigación sobre antropología social y forense (giasf), con el apoyo de la cooperación alemana al desarrollo (giasf), con el apoyo de la agencia de cooperación alemana (giz), y a través del proyecto ""Fortalecimiento del Estado de Derecho"". Es una síntesis de lo aprendido en una serie de talleres realizados en diferentes lugares de México en 2016 y por lo tanto es el resultado de la confrontación entre giasf y colectivos, y su principal objetivo es poner esta informaciónes a disposición de más personas para reducir el acceso diferencial a la justicia provocado por la desigual distribución del conocimiento. Se basa esencialmente en el trabajo forense, lo que significa que se centra más en la búsqueda de restos humanos que en la presunción de vida. La guía contiene esencialmente información sobre la búsqueda de personas desaparecidas y el papel de los familiares y cuidadores; el papel de los colectivos; el marco de la ley general de víctimas (lgv) y la ley general de desapariciones forzadas de personas y desapariciones cometidas por particulares (lgdfydp). Está escrito de forma muy fácil y comprensible y va acompañado de imágenes que explican de forma práctica qué y cómo realizar las acciones de búsqueda y catalogación. El debate teórico y jurídico también es interesante y ayuda a los familiares a tomar conciencia de sus derechos y de cómo hacerlos valer. Aunque las cuestiones forenses siguen vigentes, el lector debe tener en cuenta que está actualizado a 2016 y, por tanto, algunas cuestiones legales y administrativas han cambiado.","The Guía de Búsqueda de Personas Desaparecidas con a y Justicia is aimed primarily at relatives of missing persons and sympathetic supporters who have decided to counteract the effects of disappearance by carrying out searches within the legal framework. It is a very easy to read and understand, comprehensive and extensive text, produced by the research group on social and forensic anthropology (giasf), with the support of the German development cooperation (giasf), with the support of the German cooperation agency (giz), and through the project ""Fortalecimiento del Estado de Derecho"". It is a synthesis of what was learned in a series of workshops held in different parts of Mexico in 2016 and is therefore the result of confrontation between giasf and collectives, and its main objective is to make this information available to more people in order to reduce the differential access to justice caused by the unequal distribution of knowledge. It is essentially based on forensic work, which means that it focuses more on the search for human remains than on the presumption of life. The guide essentially contains information on the search for missing persons and the role of family members and caregivers; the role of collectives; the framework of the general law on victims (lgv) and the general law on forced disappearances of persons and disappearances committed by private individuals (lgdfydp). It is written in a very easy and understandable way and is accompanied by images that explain in a practical way what and how to carry out the search and cataloguing actions. The theoretical and legal discussion is also interesting and helps relatives become aware of their rights and how to assert them. Although the forensic issues are still current, the reader should note that it is updated to 2016 and therefore some legal and administrative issues have changed.",https://www.giasf.org/publicaciones-del-giasf.html,,Carolina Robledo: carolina.robledo@ciesas.edu.mx o May-ek Querales: mayekerales@gmail.com,Giorgia,Approved,,,,"La Guía es una síntesis de los aprendizajes obtenidos en una serie de talleres impartidos por el GIASF desde 2016, en la Ciudad de México, Veracruz, Coahuila, Sinaloa, Tijuana, Ciudad Juárez y Monterrey, y tiene como objetivo poner la información al alcance de más personas para reducir el acceso diferenciado a la justicia que produce la distribución desigual del conocimiento experto jurídico y forense. En estas páginas encontrarán información sobre la ruta de búsqueda de personas desaparecidas y el papel que pueden desempeñar los familiares y colectivos acompañantes en los procesos de búsqueda en el marco de la Ley General de Víctimas (LGV) y la Ley General de Desaparición Forzada de Personas y Desaparición Cometida por Particulares (LGDFYDP)."
doc004,4,Protocolo interdisciplinario de notificación de la identificación de personas desaparecidas y restitución digna,Herramientas para la búsqueda,Protocolo Notificación Humanitaria,Recurso para colectivos y personas buscadoras y para sensibilizar a servidores públicos,"GIASF - Grupo de Investigación en Antropología Social y Forense; SERAPAZ - Servicios y Asesoría para la Paz; Fundar, Centro de Analisis e Investigación",2021,"El Protocolo interdisciplinario de notificación de la identificación de personas desaparecidas y restitución digna es un trabajo colaborativo elaborado por Espacio Psicosocial por los Derechos Humanos, Centro de Análisis e Investigación (FUNDAR), el Grupo de Investigación en Antropología Social y Forense (GIASF) y la organización Servicios y Asesoría para la Paz A.C. (Serapaz). Se trata de un texto muy completo y exhaustivo, creado por expertos y dirigido esencialmente a otros expertos, a pesar de estar basado en la colaboración y el testimonio de algunos familiares. El objetivo principal del protocolo es incorporar la perspectiva psicosocial durante el proceso integral de búsqueda de personas desaparecidas, identificación forense, notificación, restitución digna y seguimiento post restitución. El protocolo se rige por la consideración normativa de diversos instrumentos jurídicos nacionales e internacionales, que reconocen el deber del Estado de garantizar el pleno respeto de los derechos humanos, incluido el deber de garantizar un trato justo a todas las víctimas directas e indirectas, así como el derecho de veredicto y el acceso a la justicia. El texto ofrece también un glosario que sistematiza el análisis teórico de ciertos términos y procede a analizar el impacto psicosocial de la desaparición, la busqueda, la identificación de los restos y la notificación de la muerte a la familia. También compara las buenas y malas prácticas y, a modo de ejemplo, describe algunos escenarios cuya complejidad requiere un tratamiento específico. Tras un análisis de los distintos factores que intervienen, se expone el propio Protocolo, tomando las buenas prácticas analizadas en el texto y resumiéndolas, lo que permite a los funcionarios que realizan la identificación hacerlo con atención a los efectos psicosociales de su trabajo. El protocolo sigue el proceso de identificación paso a paso e incluye la perspectiva psicosocial de manera transversal en cada una de las fases para tomar en cuenta las necesidades y derechos de las víctimas, incluyendo el derecho a la participación. Para ello, se identifican los objetivos de cada fase, así como las acciones que se llevan a cabo y el proceso o las acciones a realizar, haciendo énfasis en los elementos de la atención psicosocial. A pesar del lenguaje técnico y del público esencialmente dirigido a los expertos, el texto va acompañado de gráficos explicativos de fácil manejo.","The Protocolo interdisciplinario de notificación de la identificación de personas desaparecidas y restitución digna is a collaborative work developed by Espacio Psicosocial por los Derechos Humanos, Centro de Análisis e Investigación (FUNDAR), the Grupo de Investigación en Antropología Social y Forense (GIASF) and the organization Servicios y Asesoría para la Paz A.C. (Serapaz). (Serapaz). It is a very complete and exhaustive text, created by experts and essentially addressed to other experts, although it is based on the collaboration and testimony of some relatives. The main objective of the protocol is to incorporate the psychosocial perspective during the whole process of searching for missing persons, forensic identification, notification, dignified restitution and post-restitution follow-up. The protocol is guided by the normative consideration of various national and international legal instruments, which recognize the State's duty to ensure full respect for human rights, including the duty to ensure fair treatment of all direct and indirect victims, as well as the right to a verdict and access to justice. The text also offers a glossary that systematizes the theoretical analysis of certain terms and proceeds to analyze the psychosocial impact of the disappearance, the search, the identification of the remains and the notification of the death to the family. It also compares good and bad practices and, by way of example, describes some scenarios whose complexity requires specific treatment. After an analysis of the various factors involved, the Protocol itself is set out, taking the good practices discussed in the text and summarizing them, thus enabling the officials carrying out the identification to do so with attention to the psychosocial effects of their work. The protocol follows the identification process step by step and includes the psychosocial perspective in a cross-cutting manner in each of the phases to take into account the needs and rights of the victims, including the right to participation. To this end, the objectives of each phase are identified, as well as the actions to be carried out and the process or actions to be performed, emphasizing the elements of psychosocial care. Despite the technical language and the audience essentially aimed at experts, the text is accompanied by user-friendly explanatory graphics.",https://www.giasf.org/publicaciones-del-giasf.html,,Carolina Robledo: carolina.robledo@ciesas.edu.mx o May-ek Querales: mayekerales@gmail.com,Giorgia,Approved,,,,"El protocolo interdisciplinario de notificación de la identificación de personas desaparecidas y restitución digna, es un trabajo colaborativo elaborado por Espacio Psicosocial por los Derechos Humanos, Centro de Análisis e Investigación (FUNDAR), el Grupo de Investigación en Antropología Social y Forense (GIASF) y la organización Servicios y Asesoría para la Paz A.C. (Serapaz). El protocolo es una herramienta que incorpora la perspectiva psicosocial a los procesos forenses, desde la exhumación hasta la restitución de los cuerpos, con el objetivo de tener un trato digno y sensible hacia los cuerpos y las familias; que pueda comprender los impactos psicosociales de estos procesos. Esperamos que el protocolo sirva como una guía para los familiares, para los actores sociales y para las autoridades que participan de estos procesos. La elaboración ha sido formulada recuperando diversos testimonios para construir una perspectiva transversal y garantizar así procesos de notificación apegados a los derechos de las víctimas de desaparición."
doc005,5,Guía contra la violencia de género en ministerios públicos,Herramientas para la búsqueda,Guía vs violencia género en ministerios públicos,Recurso para colectivos y personas buscadoras y para sensibilizar a servidores públicos,Impunidad Cero y TOJIL,2019,"La guía contra la violencia de género en los ministerios públicos se basa en la observación de las dificultades que tienen las mujeres en México para denunciar un delito ante los ministerios públicos. El principal objetivo de esta guía es, por tanto, dotar a las mujeres de herramientas para exigir sus derechos, para contrastar la continuacion las formas particulares de violencia a las que se ven sometidas. La Guía es, por tanto, una herramienta que Tojil e Impunidad Cero ponen a disposición de las mujeres y que se centra en exponer los principales actos de violencia, revictimización y maltrato que sufren las mujeres en los procesos penales por la mala praxis de los profesionales. Se trata de una obra construida a partir de un gran conocimiento jurídico y práctico de los diferentes abusos que sufren las mujeres, así como de las razones por las que es tan difícil que las mujeres denuncien y que su denuncia tenga éxito, es decir, que estén protegidas, amparadas y, sobre todo, que se haga justicia. El texto avanza con preguntas, puntos a tener en cuenta, datos estadísticos (generalmente de 2016), dibujos alegres y explicativos que hacen el texto fácil y accesible para todos. ","The guía contra la violencia de género en los ministerios públicos is based on the observation of the difficulties women in Mexico have in reporting a crime to public prosecutors' offices. The main objective of this guide is therefore to provide women with tools to demand their rights, to contrast the particular forms of violence to which they are subjected. The Guide is, therefore, a tool that Tojil and Impunidad Cero make available to women and which focuses on exposing the main acts of violence, revictimization and mistreatment suffered by women in criminal proceedings due to the malpractice of professionals. It is a work built from a great legal and practical knowledge of the different abuses suffered by women, as well as the reasons why it is so difficult for women to denounce and for their denunciation to be successful, that is to say, to be protected, sheltered and, above all, for justice to be done. The text progresses with questions, points to keep in mind, statistical data (generally from 2016), cheerful and explanatory drawings that make the text easy and accessible to all. ",https://www.impunidadcero.org/articulo.php?id=107&t=guia-contra-la-violencia-de-genero-en-ministerios-publicos,,Irene Tello: irene.tello.arista@gmail.com,Giorgia,Approved,,,,"Existen particularidades que diferencian la violencia que sufren las mujeres del resto de los casos. Entre ellas, están la forma en la que los delitos son cometidos, la relación que guardan las víctimas con su agresor y los lugares en los que ocurren los hechos. Las mujeres son, además, víctimas mayoritarias de determinados tipos de violencia, como la violencia sexual. En nuestro país, las mujeres enfrentan grandes dificultades cuando intentan denunciar un delito ante los ministerios públicos. Durante todo el proceso, las fallas en la operación del Sistema de Justicia Penal hacen que las víctimas (principalmente mujeres) carezcan de herramientas para exigir sus derechos, lo cual contribuye a perpetuar las formas de violencia particulares que las afectan. Para brindar a las usuarias y operadores del Sistema Penal una herramienta que ayude a garantizar la perspectiva de género en este tipo de delitos, Tojil e Impunidad Cero hemos preparado una Guía contra la violencia de género en ministerios públicos, que señala los principales actos de violencia, revictimización y corrupción que sufren las mujeres durante el curso de un procedimiento penal debido a las malas prácticas de los operadores."
doc006,6,Guía práctica para denunciar un delito,Herramientas para la búsqueda,Guía para denuncias,Recurso para colectivos y personas buscadoras,Impunidad Cero y Denuncia.org,2020,"La Guía práctica para denunciar un delito es una herramienta para saber si es víctima de un delito y cuáles son los pasos a seguir para denunciarlo. De hecho, el texto se dirige directamente a las víctimas potenciales y les ayuda a entender si pueden definirse como tales y qué hacer tras este primer paso. La idea básica de la guía es que también es necesario empoderar a las víctimas de los delitos como agentes activos para que se haga justicia, empezando por el autoconocimiento y la petición de ayuda. Por ello, la guía describe tanto los pasos que pueden seguir las víctimas para denunciar, como las obligaciones de las autoridades. El texto avanza mediante preguntas y respuestas muy claras y fáciles de leer. Por ejemplo: ¿Qué es un delito? ¿Qué puede informar a un ministerio público? ¿Cuáles son los pasos para denunciar una infracción? Hay muchos dibujos y gráficos que son fáciles de entender, así como tablas que muestran punto por punto lo que hay que hacer. es útil para los que no están muy acostumbrados a leer y es muy sencillo como manual de actuación. ","The Guía práctica para denunciar un delito is a tool to find out if you are a victim of a crime and what are the steps to follow to report it. In fact, the text directly addresses potential victims and helps them understand whether they can define themselves as such and what to do after this first step. The basic idea of the guide is that it is also necessary to empower victims of crime as active agents for justice to be done, starting with self-knowledge and asking for help. Therefore, the guide describes both the steps victims can take to report, as well as the obligations of the authorities. The text progresses through very clear and easy-to-read questions and answers. For example: What is a crime? What can you report to a public prosecutor? What are the steps to report an offense? There are many drawings and graphics that are easy to understand, as well as tables that show point by point what to do. it is useful for those who are not very used to reading and is very simple as a manual for action. ",https://www.impunidadcero.org/articulo.php?id=156&t=guia-practica-para-denunciar-un-delito,,Irene Tello: irene.tello.arista@gmail.com,Giorgia,Approved,,,,"En México, la probabilidad de que un delito se denuncie y se esclarezca es de tan solo 1.3%. Esta cifra se compone, por un lado, de la baja efectividad de las procuradurías y fiscalías del país y de  la enorme cifra negra que existe, ya que en México solo 7 de cada 100 delitos se denuncian. Por ello, creamos la Guía práctica para denunciar un delito, la cual puedes encontrar y descargar completamente gratis en denuncia.org. Esta guía te servirá para saber: Qué es un delito. Qué puedes denunciar ante un Ministerio Público. Los pasos para denunciar un delito. Las obligaciones que tienen las autoridades cuando denuncias un delito"
doc007,7,Guía contra la corrupción en ministerios públicos,Herramientas para la búsqueda,Guía vs corrupción en ministerios públicos,Recurso para colectivos y personas buscadoras y para sensibilizar a servidores públicos,Impunidad Cero y TOJIL,2019,"La Guía contra la corrupción en ministerios publicos es elaborada por Impunidad|Cero, parte de TOJIL, una estrategia contra la impunidad, y fue publicada en 2019.  Este trabajo se basa en el entendimiento de que tener una sociedad informada sobre sus derechos en materia de justicia penal es fundamental para combatir la impunidad y garantizar que el proceso de justicia penal cumpla sus funciones de impartir justicia. La Guía, por tanto, explica claramente cómo debe funcionar el proceso de justicia penal, abordando así la dificultad que tienen muchas personas para acceder a sus derechos debido al complejo lenguaje jurídico y a las malas prácticas de quienes trabajan en el sistema. Por ello, está dirigida a los menos experimentados, habla en un lenguaje claro y sencillo y su principal objetivo es ser una herramienta en manos de quienes tienen dificultades para desenvolverse en los juzgados, las oficinas administrativas y las largas colas burocráticas. El texto avanza en pasos muy sencillos explicando quiénes son los distintos actores que intervienen, cuáles son las leyes, los derechos, los deberes y las etapas del proceso penal. Entre las cosas más interesantes de la Guía está la lista de los 15 temas críticos de la impunidad de los delitos y, por lo tanto, las conductas procesales más comunes que obstaculizan y violan los derechos tanto de la víctima/agresor como del acusado. Por eso, al mismo tiempo, esta guía es una herramienta, un texto de denuncia y una oportunidad de lucha. ","The Guía contra la corrupción en ministerios públicos is produced by Impunidad|Cero, part of TOJIL, a strategy against impunity, and was published in 2019.  This work is based on the understanding that having a society informed about its criminal justice rights is fundamental to combating impunity and ensuring that the criminal justice process fulfills its functions of delivering justice. The Guide, therefore, clearly explains how the criminal justice process should work, thus addressing the difficulty many people have in accessing their rights due to complex legal language and malpractices by those working in the system. As such, it is aimed at the less experienced, speaking in clear and simple language, and its main objective is to be a tool in the hands of those who have difficulty navigating the courts, administrative offices and long bureaucratic queues. The text advances in very simple steps explaining who are the different actors involved, what are the laws, rights, duties and stages of the criminal process. Among the most interesting things in the Guide is the list of the 15 critical issues of impunity for crimes and, therefore, the most common procedural behaviors that hinder and violate the rights of both the victim/offender and the accused. Therefore, at the same time, this guide is a tool, a text of denunciation and an opportunity to fight. ",https://www.impunidadcero.org/articulo.php?id=104&t=guia-contra-la-corrupcion-en-ministerios-publicos,,Irene Tello: irene.tello.arista@gmail.com,Giorgia,Approved,,,,"Tener una sociedad informada de sus derechos en materia de justicia penal es crucial para combatir la impunidad y lograr que el proceso penal cumpla con sus funciones de impartición de justicia. Sin embargo, la complejidad del lenguaje jurídico y las malas prácticas de los operadores del sistema, que se presentan desde la denuncia y durante la investigación, contribuyen a que denunciar un delito sea un proceso tortuoso y en ocasiones se cometan actos de corrupción y abusos de las autoridades. Para brindar información clara sobre el proceso penal que contribuya a evitar actos de corrupción y de violación de los derechos de los usuarios, Impunidad|Cero en conjunto con TOJIL, estrategia contra la impunidad presentamos el artículo Impunidad y corrupción en las procuradurías y fiscalías, ¿qué podemos hacer los usuarios?, que incluye una Guía contra la corrupción en ministerios públicos que expone de una manera clara cómo debe funcionar el proceso penal y reúne las quince conductas más recurrentes por parte de los funcionarios de las fiscalías y procuradurías que lo entorpecen y transgreden los derechos tanto de la víctima u ofendido como del imputado, generando corrupción e impunidad."
doc008,8,10 preguntas clave sobre la Ley en materia de Desaparición Forzada,Herramientas para la búsqueda,Guía sobre Ley de Desaparición Forzada,Recurso para colectivos y personas buscadoras y para sensibilizar a servidores públicos,Centro Prodh - Centro de Derechos Humanos Miguel Agustín Pro Juárez,2018,"Producido por el Centro de Derechos Humanos Miguel Agustín Pro Juárez, A.C. en 2018, ""10 preguntas clave sobre la Ley en materia de Desaparición Forzada"" es un texto muy breve y útil destinado a profundizar en algunos aspectos relativos a la Ley General en Materia de Desaparición Forzada de Personas, desapariciones cometidas por particulares y el sistema nacional de búsqueda, aprobado y publicado el 17 de noviembre de 2017. Aunque se reconoce que la Ley General es una buena ley, también es cierto que su aplicación debe ser apoyada y exigida por los actores implicados, así como por las familias de los desaparecidos. Este texto es, por tanto, una forma de explicar y hacer accesible el contenido de la ley, así como de analizar algunos de sus aspectos más importantes. A través de este texto entendemos qué es y cómo nace la Ley General, así como cómo esta ley define y pone fin al debate sobre qué es la desaparición forzosa y la desaparición cometida por particulares y los demás delitos incluidos en el texto de la ley. También entendemos la definición de víctima, cuáles son sus derechos y cuáles son los deberes del Estado, entre ellos la correcta aplicación de la ley. Resulta especialmente útil la referencia constante y puntual a los artículos de la ley, lo que hace que estas 10 preguntas sean a la vez un resumen y una explicación de lo que ha escrito el legislador. Debido a la complejidad de la materia y al propio lenguaje de la ley, este texto no está destinado a un público amplio, sino a aquellos que están familiarizados con la ley y quieren aprender más sobre su contenido y carácter.","Produced by the Centro de Derechos Humanos Miguel Agustín Pro Juárez, A.C. in 2018, ""10 preguntas clave sobre la Ley en materia de Desaparición Forzada"" is a very brief and useful text aimed at deepening some aspects related to the Ley General en Materia de Desaparición Forzada de Personas, desapariciones cometidas por particulares y el sistema nacional de búsqueda (General Law on Enforced Disappearance of Persons, disappearances committed by private individuals and the national search system), approved and published on November 17, 2017. Although it is recognized that the Ley General is a good law, it is also true that its implementation must be supported and demanded by the actors involved, as well as by the families of the disappeared. This text is, therefore, a way to explain and make accessible the content of the law, as well as to analyze some of its most important aspects. Through this text we understand what the Ley General is and how it was born, as well as how this law defines and puts an end to the debate about what is enforced disappearance and disappearance committed by private individuals and the other crimes included in the text of the law. We also understand the definition of victim included in the Ley, what are their rights and what are the duties of the State, including the correct application of the law. Particularly useful is the constant and punctual reference to the articles of the law, which makes these 10 questions both a summary and an explanation of what the legislator has written. Due to the complexity of the subject matter and the language of the law itself, this text is not intended for a broad audience, but for those who are familiar with the law and want to learn more about its content and character.",https://centroprodh.org.mx/2018/12/18/10-preguntas-clave-sobre-la-ley-en-materia-de-desaparicion-forzada/,,Meyatzin Velasco Santiago: educacion2@centroprodh.org.mx,Giorgia,Approved,,,,"Desde hace más de una década, México enfrenta una grave crisis de derechos humanos; una de sus más claras expresiones ha sido el incremento de las desapariciones. Para 2018, el Registro Nacional de Personas Desaparecidas reportó más de 37 mil personas cuyo paradero es desconocido. En este contexto, diversos mecanismos internacionales de protección a los derechos humanos como la Organización de las Naciones Unidas (ONU) y la Comisión Interamericana de Derechos Humanos, recomendaron a México adoptar una Ley General para prevenir y sancionar las desapariciones. El Estado mexicano se resistió a cumplir estas recomendaciones, pero gracias al impulso de los colectivos de familiares y de las organizaciones de derechos humanos, la Ley General en Materia de Desaparición Forzada de Personas, Desaparición cometida por Particulares y del Sistema Nacional de Búsquedas fue aprobada y publicada el 17 de noviembre de 2017. Sabiendo que en México las buenas leyes suelen quedar sin aplicarse y que muchas veces es difícil que sus contenidos sean accesibles para las familias de las víctimas, este material busca aportar algunos elementos sobre el contenido de esta importante norma. Si bien no agotaremos todo el contenido de la ley, sí destacaremos sus principales elementos, con la intención de que todas y todos podemos darle uso."
doc009,9,No somos expedientes. Guía práctica para familiares en búsqueda de personas desaparecidas que dan seguimiento a sus denuncias ante el Ministerio Público,Herramientas para la búsqueda,Guia para personas buscadoras,Recurso para colectivos y personas buscadoras,Centro Prodh - Centro de Derechos Humanos Miguel Agustín Pro Juárez,2020,"A menudo, la responsabilidad de investigar las despareciones recaen en las familias de las víctimas. Tienen que dar seguimiento a las indagatorias, lo cual es muy difícil mentalmente y logísticamente. Para investigar las despareciones de sus seres queridos, deben navegar problemas con la burocracia legal. Estas agencias ocultan los procesos que llevan justicia a las familias que sufren de los resultados de esta despareción criminal e inmoral. Para seguir esta guía de manera más efectiva, debe use un cuaderno para tomar notas cada vez que haga una visita de seguimiento al Ministerio Público. Durante estas visitas, no tiene que responder todas las preguntas. En cambio, lo más importante es que pueda recordar la información para colaborar con el Ministerio Público durante las investigaciones. Debe tener esta guía cada vez que vaya al Ministerio o haya cualquier actividad con respecto al seguimiento de su expediente en el caso que tenga dudas. Durante la investigación, debe mantener una lista de testigos y los documentos (cuáles y cuántos) tiene además de su relevancia, contenido y resultados. Prepare y lleve registro de los lugares en los que ha realizado búsquedas en vida y en terreno. También, es necesario registrar los hallazgos de ellos. Controle las llamadas telefónicas y copias del expediente en el caso que tenga que revisarlas. Siempre debe poseer una copia de los registros, y puede obtenerla de un agente del Ministerio Público. La Fracción XXII del Código Nacional de Procedimientos Penales obliga al Ministerio a entregarle una copia gratuita. Esto es un derecho humano.",,https://centroprodh.org.mx/2020/10/20/no-somos-expedientes/,,Meyatzin Velasco Santiago: educacion2@centroprodh.org.mx,"Giorgia / 
Isabella Maganda Garcia Bernstein",Approved,YES,,,"Desde el Centro Prodh -retomando las preguntas y experiencias que distintos colectivos en búsqueda de personas desaparecidas nos han compartido- hemos realizado esta guía práctica que tiene la finalidad de auxiliar a las y los familiares en las acciones que impulsan ante las instancias encargadas de velar por la verdad y la justicia en México. Los pasos que aquí encontrarás están encaminados a que puedas dar seguimiento a tu denuncia ante el Ministerio Público de una manera ordenada, clara y sencilla. Sabemos que este caminar en búsqueda de tu familiar es en extremo difícil y que muchas veces no hay información que oriente por dónde andar. Por ello, esperamos que con esta guía práctica cuentes con una herramienta que dé un poco de luz en tu camino. Los contenidos fueron escritos a partir de preguntas y proponemos que los sigas paso a paso. En caso de que sólo quieras consultar algunos contenidos, también puedes hacerlo. Esta guía puede servir también para apoyar a otras familias que seguramente necesitarán de tu ayuda."
doc010,10,Guía del Buen Brigadista. 4a Brigada Nacional de Búsqueda de Personas Desaparecidas en Guerrero,Herramientas para la búsqueda,Guía Brigada de Búsqueda,Recurso para colectivos y personas buscadoras,Brigada Nacional de Búsqueda de Personas Desaparecidas,2019,,"“Guía del Buen Buscador. 4a Brigada Nacional de Búsqueda de Personas Desaparecidas en Guerrero” is a guide for those who wanted to help the 4th National Search Brigade for Disappeared Persons in Guerrero. The pamphlet describes who was a part of the 4th National Search Brigade for Disappeared Persons in Guerrero, the objectives of the Brigade, the methodology of the brigade, the Brigade’s message for society at large, the logistics of the Brigade, details on psychological support, the three “axes of intervention,” and the details of documentation and registration. Those involved in the Brigade include the relatives of those disappeared and collectives that have been searching for them, lawyers, anthropologists, priests, artists, journalists, and others who are in solidarity with the search for disappeared persons. The objectives of the Brigade are the locating and identification of disappeared persons without criminalizing or stigmatizing them, the fostering of dialogue between different actors that have witnessed or been involved in violence Mexico, promoting the organization of relatives and search collectives, and the reconstruction of the social fabric without resorting to vengeance or repression. The Brigade’s methods include training for the search process, searching in the field for hidden mass graves, coordinating with state and federal authorities to process discovered human remains, documenting the cases and their impacts on individuals and communities, and strengthening the organization and techniques of search collectives and the relatives of the disappeared. The logistics include supplies needed for searching in the field, the structure of search parties, and the rules of engagement for participants. The three axes of engagement discussed are searching in the field, community outreach in schools, and community outreach in faith communities. The details of documentation and registration include the various ways to document findings in the field, document cases, and legally file findings and search activities. 

",Brigada Nacional de Búsqueda de Personas Desaparecidas ,,Montserrat Castillo: moncastillop@gmail.com,Jordan,Approved,YES,,,Guía interna y logística para buscadores
doc011,11,Guía del Buen Brigadista. 5a Brigada Nacional de Búsqueda de Personas Desaparecidas en el Norte de Veracruz,Herramientas para la búsqueda,Guía Brigada de Búsqueda,Recurso para colectivos y personas buscadoras,Brigada Nacional de Búsqueda de Personas Desaparecidas,2020,,"
“Guía del Buen Buscador. 6a Brigada Nacional de Búsqueda de Personas Desaparecidas en Morelos” is a guide for those who wanted to help the 6th National Search Brigade for Disappeared Persons in Morelos. The pamphlet describes who was a part of the 6th National Search Brigade for Disappeared Persons in Guerrero, the objectives of the Brigade, the methodology of the brigade, the Brigade’s message for society at large, the logistics of the Brigade, details on psychological support, five axes of intervention, security protocols, the details of documentation and registration, and a guide for brigade members with cameras. Those involved in the Brigade include the relatives of those disappeared and collectives that have been searching for them, lawyers, anthropologists, priests, artists, journalists, and others who are in solidarity with the search for disappeared persons. The objectives of the Brigade are the locating and identification of disappeared persons without criminalizing or stigmatizing them, the fostering of dialogue between different actors that have witnessed or been involved in violence Mexico, promoting the organization of relatives and search collectives, and the reconstruction of the social fabric without resorting to vengeance or repression. The Brigade’s methods include training for the search process, searching in the field for hidden mass graves, coordinating with state and federal authorities to process discovered human remains, documenting the cases and their impacts on individuals and communities, and strengthening the organization and techniques of search collectives and the relatives of the disappeared. The logistics include supplies needed for searching in the field, the structure of search parties, and the rules of engagement for participants. The five axes of engagement discussed are searching in the field, searching for the living, interventions in schools, forensic identification, and interventions in faith communities. The details of documentation and registration include the various ways to document findings in the field, document cases, and legally file findings and search activities. The security protocols include special rules for drivers and special rules for visits to prisons.
",Brigada Nacional de Búsqueda de Personas Desaparecidas ,,Montserrat Castillo: moncastillop@gmail.com,Jordan,Approved,YES,,,Guía interna y logística para buscadores
doc012,12,Guía del Buen Brigadista. 6a Brigada Nacional de Búsqueda de Personas Desaparecidas en Morelos,Herramientas para la búsqueda,Guía Brigada de Búsqueda,Recurso para colectivos y personas buscadoras,Brigada Nacional de Búsqueda de Personas Desaparecidas,2021,,"“Guía del Buen Buscador. 6a Brigada Nacional de Búsqueda de Personas Desaparecidas en Morelos” is a guide for those who wanted to help the 6th National Search Brigade for Disappeared Persons in Morelos. The pamphlet describes who was a part of the 6th National Search Brigade for Disappeared Persons in Guerrero, the objectives of the Brigade, the methodology of the brigade, the Brigade’s message for society at large, the logistics of the Brigade, details on psychological support, six axes of intervention, security protocols, the details of documentation and registration, a guide for brigade members with cameras, and protocols for the prevention of Covid-19 infection. Those involved in the Brigade include the relatives of those disappeared and collectives that have been searching for them, lawyers, anthropologists, priests, artists, journalists, and others who are in solidarity with the search for disappeared persons. The objectives of the Brigade are the locating and identification of disappeared persons without criminalizing or stigmatizing them, the fostering of dialogue between different actors that have witnessed or been involved in violence Mexico, promoting the organization of relatives and search collectives, and the reconstruction of the social fabric without resorting to vengeance or repression. The Brigade’s methods include training for the search process, searching in the field for hidden mass graves, coordinating with state and federal authorities to process discovered human remains, documenting the cases and their impacts on individuals and communities, and strengthening the organization and techniques of search collectives and the relatives of the disappeared. The logistics include supplies needed for searching in the field, the structure of search parties, and the rules of engagement for participants. The six axes of engagement discussed are searching in the field, searching for the living, interventions in schools, forensic identification, interventions in faith communities, and communication with and sensitivity training for the authorities. The details of documentation and registration include the various ways to document findings in the field, document cases, and legally file findings and search activities. The security protocols include special rules for drivers and special rules for visits to prisons.

",Brigada Nacional de Búsqueda de Personas Desaparecidas ,,Montserrat Castillo: moncastillop@gmail.com,Jordan,Approved,YES,,,Guía interna y logística para buscadores
doc013,13,Fanzines Bilingues sobre la Brigada Nacional de Búsqueda de Personas Desaparecidas. ,Herramientas para la búsqueda,Fanzines sobre la Brigada Nacional de Búsqueda de Personas Desaparecidas,Recurso para colectivos y personas buscadoras,Brigada Nacional de Búsqueda de Personas Desaparecidas,2021,,"“Tríptico de Fanzines: 1. ¿Qué es la Brigada Nacional de Búsqueda?” is a 24 page, Spanish-language publication describing the roles of the Brigada Nacional de Busqueda (BNB) or National Search Brigade, and the Solidarity Brigade NYC. The document begins with a basic description of the situation in Mexico, telling us that more than  87,000 people have disappeared in Mexico since the 1960s, with these disappearances increasing dramatically since 2006 as a result of the War on Drugs. The document then defines the BNB as an annual event where more than 140 collectives gather to conduct large-scale searches, host public awareness campaigns, and attempt to repair the social fabric that was damaged by force disappearances. The document then lists the participants in the BNB including search collectives, relatives, lawyers, anthropologists, human rights defenders, general supporters, and journalists. The document then describes the role of the BNB, provides its main message to the public, provides a list of six BNBs that have occurred between 2016 and 2021, describes the objectives and methodologies of the BNB, describes its six frontlines or axes of work, details its guiding principles, and describes the role of the Solidarity Brigade NYC. The six axes of work are Field Search, Forensic Identification, Searching for the living, Community outreach in Schools, Community outreach in faith based communities, and Sensitivity training for local authorities. The guiding principles of the BNB are “Where are they?,” “We’re not looking for the guilty,” “The disappeared are missed by all of us”, “We look for them all,” “We look for them because we love them,” “They are present. Now and forever,” “Searching we find ourselves and each other,” and “we improvise with joy.”

",https://drive.google.com/drive/u/1/folders/1cqTFOPUVRHcR-96An98Eu2MVU2wH_MrA,,Montserrat Castillo: moncastillop@gmail.com,Jordan,Approved,YES,,,Tres fanzines que buscan contextualizar el trabajo de la Brigada Nacional de Búsqueda de Personas Desaparecidas en México
doc016,16,Manual de acciones frente a la desaparición y la desaparición forzada. Orientaciones para las familias mexicanas de personas desaparecidas,Herramientas para la búsqueda,Manual de acciones desaparición forzada,Personas buscadoras. Recuros sobre antropología forense y búsqueda de personas desaparecidas,Universidad Iberoamericana,2019,"La desaparición forzada de personas es un problema particularmente grave en México. El Programa de Derechos Humanos, por su parte, ha producido diversos materiales para contribuir al mejor conocimiento de estas desapariciones y favorecer la creación de herramientas útiles para las víctimas. Entre ellos, el “Manual de acciones frente a la desaparición y la desaparición forzada. Orientaciones para las familias mexicanas de personas desaparecidas”. El objetivo de este manual es proporcionar herramientas para aquellas familias mexicanas que han sido afectadas por la desaparición forzada de sus seres queridos. Incluidas están algunas definiciones, recomendaciones generales ante la desaparición de un familiar, como presentar una solicitud de atención a la Comisión Ejecutiva de Atención a víctimas, entre otros documentos. El uso de estas herramientas es solo uno de los componentes que puede ayudar en la lucha contra la impunidad, el silencio, la justicia y siempre a favor de la verdad. ",,https://programadh.ibero.mx,,Programa de Derechos Humanos de la Ibero: derechos.humanos@ibero.mx,Camila,Approved,Yes,,,"El presente manual ha sido elaborado con la intención de proporcionar herramientas prácticas a las familias mexicanas que han visto sus vidas profundamente trastocadas por el flagelo de la desaparición y la desaparición forzada; herramientas que, si bien limitadas, esperamos les sean útiles en la lucha que día con día emprenden digna y valerosamente a favor de sus seres queridos. Esperamos que con este material se sientan acompañados y acompañadas en su caminar contra la impunidad y el silencio; en su lucha a favor de la verdad, la justicia y la reparación."
doc017,17,El Amparo Buscador: Una Herramienta contra la Desaparición Forzada de Personas. Guía para Familiares y Personas Juzgadoras,Herramientas para la búsqueda,Guía sobre el Amparo Buscador,Recurso para colectivos y personas buscadoras y para sensibilizar a servidores públicos,Comisión Nacional de Búsqueda y USAID,2021,,"El Amparo Buscador: Una Herramienta contra la Desaparición Forzada de Personas. Guía para Familiares y Personas Juzgadoras is a guide to help ordinary people navigate the complicated legal process of obtaining an amparo, which is equivalent to Habeas Corpus writs, for disappeared persons in Mexico. The document is broken into three sections, not including the introduction: A basic overview of concepts related to forced disappearance, a basic discussion of the uses and mechanisms of the writ of habeas corpus, and a guide to obtaining an Amparo Buscador. The six main concepts covered are disappeared person, unlocated person, The right of everyone to be searched for, forced disappearance, direct and indirect victims of disappearance, and Amparo Buscador or Habeas Corpus. According to the document, a disappeared person is someone whose whereabouts are unknown and who is believed to be missing due to a crime. In contrast, an unlocated person is someone whose location is unknown but whose possibly temporary appearance is not yet believed to be because of a crime or who has been missing for less than 72 hours. The right of everyone to be searched for is the human right of any person to be searched for by the Mexican government should they disappear. Forced Disappearance here specifically refers to the disappearance of people by, or with the approval of, the state, and is a violation of human rights. In contrast, disappeared person refers to any person suspected to be missing because of a crime. Direct victims of disappearance are those who have disappeared while indirect victims are those who are closely tied to them and experience significant harm, disruption, or distress because of their disappearance. The Amparo Buscador is a legal document where a person, in the name of the disappeared person, notifies authorities of a forced disappearance, and calls for the use of government resources to find and free the disappeared person. The Amparo Buscador can only be used for victims of Forced Disappearance, and not other types of disappeared persons. The second section gives a basic overview of the structure of the legal system including, the role of a judge, who can go before a judge, the different types of amparos, the role of a suspensión, and the role of the audiencia incidental or the initial court hearing. The last section breaks down the details of an Amparo Buscador including information on how to ask for one, a link to allow you to find local judges, information about the power of judges to decide whether or not to issue a full amparo as opposed to a suspensión, the fact that you do not need to have a lawyer to ask for one, and the fact that you do not need to provide information about the government institution you believe is guilty.
",https://comisionnacionaldebusqueda.com/publicaciones/,,Documento público,Jordan,N/A,,,,"Los desafíos que enfrenta México en materia de desaparición de personas han generado varias respuestas institucionales y jurídicas. Entre estas destaca lo que se conoce informalmente como “amparo buscador”. A través de él, un juez o una jueza busca a la persona desaparecida forzadamente al ordenar a otra autoridad no sólo que dé información, sino que presente a la persona en su poder. Sin embargo, se conoce muy poco sobre la importancia y los alcances de esta herramienta, así como la forma de utilizarla. Por esa razón, la CNB ha construido una guía principalmente para las personas buscadoras, con la finalidad de brindar información clara sobre lo que se puede hacer con el amparo buscador y cómo solicitarlo. Igualmente, busca difundir estas herramientas entre juezas y jueces para su implementación en casos de desaparición forzada. "
doc018,18,El ABC del Análisis de Contexto. Herramientas básicas del análisis de contexto orientado a la búsqueda de personas desaparecidas.,Herramientas para la búsqueda,Guía sobre Análisis de Contexto,Recurso para colectivos y personas buscadoras y para sensibilizar a servidores públicos,Comisión Nacional de Búsqueda,2021,,"“El ABC del Análisis de Contexto. Herramientas básicas del análisis de contexto orientado a la búsqueda de personas desaparecidas,” is a legal guide published by the Comisión Nacional de Búsqueda and USAID that broken into seven sections: a prologue, a term glossary, information about disappearances and the right to be searched for, context analysis, tools for analyzing context, and a conclusion. The first subsection of the chapter about disappearances explains why disappearances in Mexico are a grave violation of human rights. The second subsection describes the use of three international legal tools by the Mexican government to combat disappearances: The Interamerican Convention on the Forced Disappearance of Persons (CIDFP), The Rome Statute of the Penal Court, and The International Convention on the Protection of All Persons against Forced Disappearances. The third subsection focuses on Mexican legislation against Forced Disappearance.The fourth focuses on the details of the right to be searched for. The chapter on analyzing context first defines what the analysis of context means here. It says that analysis is not an academic or historical project, but is the analysis of the geographical, cultural, economic, political, social, and historical factors that might be relevant for the investigation and judgment of a specific crime. The chapter says five main fields are involved in analysis: Sociology, Psychology, Geography, Data and Computer Science, and Criminology. These five fields combine theory, quantitative data, and qualitative skills to understand particular cases of disappearance. The chapter then describes how this analysis is used by different courts like the International Criminal Court, and the Interamerican Court of Human Rights. After this, the chapter discusses which wings of government are responsible for analyzing the context of disappearances. The following chapter describes how one should go about analyzing context.
",https://comisionnacionaldebusqueda.com/publicaciones/,,Documento público,Jordan,N/A,,,,"En México, el análisis de contexto es una metodología relativamente reciente, y si bien existen experiencias previas en el uso de esa herramienta, estas se remiten principalmente al derecho penal internacional, y su uso se ha orientado principalmente a la investigación de corte criminal. Por lo anterior y con el interés de recuperar y sistematizar experiencias nacionales sobre el uso del contexto para la búsqueda de personas, la Comisión Nacional diseñó esta Guía  dirigida principalmente a las y los servidores públicos de las Comisiones de Búsqueda, aunque sus contenidos pueden ser aprovechados por cualquier persona interesada en realizar y conocer este tipo de análisis."
doc019,19,Ley general de víctimas,Herramientas para la búsqueda,Ley,Recurso legal para personas buscadoras,Gobierno de México,2013,"La presente Ley establece un conjunto de medidas judiciales, administrativas, sociales y económicas, individuales y colectivas, en beneficio de las víctimas para que ellas puedan gozar de manera holística sus derechos a la verdad, la justicia, la reparación integral y garantías. Además, reconoce y garantiza el derecho a la asistencia, protección, atención, y todos los demás derechos en la Constitución, en los Tratados Internacionales de derechos humanos y demás instrumentos de los que el Estado Mexicano es parte. Principalmente, esta Ley facilita la determinación de calidad de las víctimas, al distinguir entre víctimas directas e indirectas sin discriminar ni seleccionar entre víctimas. Identifica a las víctimas directas como aquellas que han sufrido una agresión directamente, y víctimas indirectas como aquellos familiares y personas que tengan una relación inmediata con una víctima directa.  Asimismo, establece un Registro Nacional de Víctimas y un Fondo de Ayuda, Asistencia y Reparación para así garantizar las acciones previstas en la ley. La Ley General de Víctimas nace en respuesta a una necesidad histórica y también una emergencia nacional. No solo concentra los derechos de las víctimas, los cuales ya tienen otros ordenamientos jurídicos, sino que crea mecanismos para hacerlos efectivos y genera nuevas aplicaciones. 

",,https://www.google.com/url?sa=t&rct=j&q=&esrc=s&source=web&cd=&ved=2ahUKEwiqw-vcjs71AhVyS98KHeL-BdMQFnoECCYQAQ&url=https%3A%2F%2Fwww.gob.mx%2Fcms%2Fuploads%2Fattachment%2Ffile%2F112957%2FLey_General_de_Victimas.pdf&usg=AOvVaw02hBsrKjPMntfLdrQ578kj,,Documento público,Camila,N/A,Not needed,,,"La presente Ley obliga, en sus respectivas competencias, a las autoridades de todos los ámbitos de gobierno, y de sus poderes constitucionales, así como a cualquiera de sus oficinas, dependencias, organismos o instituciones públicas o privadas que velen por la protección de las víctimas, a proporcionar ayuda, asistencia o reparación integral. Además, reconoce y garantiza los derechos de las víctimas del delito y de violaciones a derechos humanos, en especial el derecho a la asistencia, protección, atención, verdad, justicia, reparación integral, debida diligencia y todos los demás derechos consagrados en ella, en la Constitución, en los Tratados Internacionales de derechos humanos de los que el Estado Mexicano es Parte y demás instrumentos de derechos humanos."
doc020,20,"Ley General en Materia de Desaparición Forzada de Personas, Desaparición Cometida por Particulares y del Sistema Nacional de Búsqueda de Personas",Herramientas para la búsqueda,Ley,Recurso legal para personas buscadoras,Gobierno de México,2017,"La Ley tiene el propósito de prevenir y atender las consecuencias de la desaparición, así como responder a las necesidades de las familias, incluyendo su derecho a saber. Además, busca establecer mecanismos de coordinación y distribución de competencias para buscar a las personas desaparecidas. La elaboración de la ley se dio a través de el trabajo en equipo entre integrantes del Senado de la Republica y de la Cámara de Diputados, Secretaría de Gobernación, Procuraduría General de la Republica, personas expertas en la materia, colectivos de familias de personas desaparecidas y organizaciones internacionales. Mas allá de abordar diversos temas relacionados con la búsqueda de las personas desaparecidas, la Ley genera un cambio en la estructura y la visión de la búsqueda de personas desaparecidas en el país. Esta ley espera construir mejor respuestas estructurales y procesales para la búsqueda y la investigación, tomando en cuenta que la implementación de esta no es de manera automática. En consecuencia, todas las personas interesadas deberían de conocer los aspectos básicos de la ley, para que pueda ser utilizada como una herramienta útil. ",,https://www.google.com/url?sa=t&rct=j&q=&esrc=s&source=web&cd=&cad=rja&uact=8&ved=2ahUKEwiv17q-j871AhXjQ98KHUg8CSwQFnoECAwQAw&url=https%3A%2F%2Fwww.diputados.gob.mx%2FLeyesBiblio%2Fpdf%2FLGMDFP_200521.pdf&usg=AOvVaw1khsKahsC7n88NT0BTupWV,,Documento público,Camila,N/A,Not needed,,,"La Ley tiene el propósito de prevenir, investigar, sancionar y erradicar los delitos de desaparición forzada y por particulares; así como establecer mecanismos de coordinación y distribución de competencias para buscar a las personas desaparecidas y esclarecer el paradero de las mismas garantizando la protección integral de los derechos de las víctimas."
doc021,21,Protocolo Homologado para la Búsqueda de Personas Desaparecidas y No Localizadas,Herramientas para la búsqueda,Protocolo,Recurso legal para personas buscadoras,Comisión Nacional de Búsqueda y USAID,2021,"El Protocolo Homologado para la Búsqueda de Personas Desaparecidas y No localizadas (PHB) fue aprobado el 6 de octubre de 2020 por el Sistema Nacional de Búsqueda. Este protocolo, destaca las obligaciones que las diferentes autoridades tienen en la búsqueda de las personas desaparecidas. La idea es que se use como herramienta de tipo jurídico ya que contiene definiciones, principios, reglas y obligaciones. El PHB facilita una forma especifica de participar: la supervisión del trabajo de las autoridades y hacer responsables a las autoridades cuando no cumplen con su deber de búsqueda. Sirve también para ayudar a las personas servidoras públicas a organizarse y planear actividades de búsqueda. Como cualquier herramienta, este protocolo no funciona por si mismo. Es necesario que las autoridades responsables de la búsqueda lo implementen y que las familias de personas desaparecidas sepan como exigir sus derechos. ",,https://comisionnacionaldebusqueda.com/protocolo-homologado-de-busqueda/,,Documento público,Camila,N/A,Not needed,,,"Luego de un proceso ampliamente participativo en el que participaron familiares de personas desaparecidas, representantes y personas expertas nacionales e internacionales, así como diversas autoridades federales y estatales, el Sistema Nacional de Búsqueda aprobó, por mayoría, el Protocolo Homologado para la Búsqueda de Personas Desparecidas y No Localizadas (PHB), el cual fue publicado el 6 de octubre de 2020, y destaca las obligaciones que las diferentes autoridades tienen en la búsqueda de las personas desaparecidas. El PHB entró en vigor el 6 de enero de 2021. La Comisión de Implementación, Monitoreo, Evaluación y Actualización del PHB ha sesionado constantemente para avanzar en la implementación del mismo. Además, se han llevado a cabo capacitaciones a personal de la CNB, Comisiones Locales de Búsqueda y a familiares de personas desaparecidas y representantes, policías y personal ministerial. Asimismo, se elaboró y aprobó la versión resumida del PHB para familiares."
doc022,22,Nos llaman las locas de las palas. El papel de las mujeres en la búsqueda de sus familiares desaparecidos,Voces desde la búsqueda,Testimonios e historias de búsqueda de mujeres buscadoras,Recopilación de testimonios sobre la búsqueda de personas para personas buscadoras y sensibilización de autoridades,Centro Prodh,2020,"“Nos Llaman las Locas de las Palas” es un testimonio del Centro Prodh, el cual se dió la tarea de entrevistar a nueve mujeres que son parte de los colectivos de familiares para conocer su experiencia ante el aparato de justicia, las consecuencias económicas, físicas y psicológicas que les ha traído la desaparición y su papel como sujetas políticas. De esta manera, el lector y público en general puede empezar a apreciar a las mujeres dentro del movimiento de familiares de víctimas ya que ellas son las que usualmente organizan y movilizan. De la misma manera, y más relevante a la discusión, ellas son quienes reciben la mayoría de los impactos como víctimas indirectas tanto por su género como por su participación en las organizaciones de búsqueda. Sus historias pueden ayudar a las organizaciones acompañantes, a la sociedad en general y al mismo movimiento de familias a comenzar a dimensionar los impactos en las mujeres que buscan a sus seres queridos.",,https://centroprodh.org.mx/2020/05/10/pub-las-locas-de-las-palas/,,Meyatzin Velasco Santiago: educacion2@centroprodh.org.mx,Camila,Approved,Yes,,,"Al igual que durante las décadas de los sesenta a los ochenta del siglo pasado, la impunidad de las desapariciones ha sido enfrentada primordialmente por la resiliencia y la fuerza de las familias de las víctimas. A través de la organización en colectivos, la movilización, la búsqueda directa y la incidencia política, las familias han reconfigurado tanto el mapa de la sociedad civil organizada como la caracterización de las víctimas de violaciones a derechos humanos, han logrado que su voz se escuche y han señalado los puntos álgidos de la situación. Dentro del movimiento de familiares, las mujeres juegan el papel principal. Desde el Centro Prodh nos dimos a la tarea de entrevistar a nueve de ellas para conocer su experiencia ante el aparato de justicia, las consecuencias económicas, físicas y sicológicas que les ha traído la desaparición y la búsqueda y su papel como sujetas políticas. Los hallazgos, si bien no pueden ser tomados como un estudio sociológico –este material fue planteado como un reportaje– sí nos permiten a las organizaciones acompañantes, a la sociedad en general y al mismo movimiento de familias comenzar a dimensionar los impactos en las mujeres que buscan a quienes nos faltan a todos, apreciar el trabajo que hacen e imaginar formas de solidaridad con ellas y sus colectivos."
doc023,23,Nadie detiene el amor: historia de vida de familiares de personas desaparecidas en el Norte de Sinaloa,Voces desde la búsqueda,Testimonios e historias de búsqueda de buscadoras de Sinaloa,Recopilación de testimonios sobre la búsqueda de personas para personas buscadoras y sensibilización de autoridades,"Universidad Nacional Autónoma de México, Instituto de Investigaciones Jurídicas, GIASF, CIESAS, Hermanas en la Sombra, Buscadoras del Fuerte, Rastreadoras Fe y Esperanza y FUNDAR ",2020,,"Nadie Detiene Al Amor is a collaborative work consisting of twenty stories that capture the hardships and conditions that searchers face in their pursuit to find their missing loved ones. Various narratives are captured to express a perspective beyond the violence that instead evokes the lived experience — remembering those who are lost as still living and never abandon hope. These stories come from mothers, wives, fathers, grandfathers, sisters, and relatives who have lost and continue to face the challenges of seeking their missing loved ones. ",https://www.giasf.org/publicaciones-del-giasf.html,,Carolina Robledo: carolina.robledo@ciesas.edu.mx o May-ek Querales: mayekerales@gmail.com,Jonathan,Approved ,Yes,,,"Después de un trabajo colaborativo de tres años, el GIASF publica junto a las buscadoras del Norte de Sinaloa, el Instituto de Investigaciones Jurídicas de la UNAM, el CIESAS, FUNDAR y la colectiva Hermanas en la Sombra, el libro ""Nadie detiene el amor: historia de vida de familiares de personas desaparecidas en el Norte de Sinaloa"" (2020). Los veinte relatos que compila este libro son el resultado de un trabajo de reflexión en torno a las condiciones históricas en que las y los buscadores sostienen sus vidas y las de sus familias. Narrativas que evocan formas de violencia y de resistencia continúas y marcadas por la diferenciación de género, edad, etnicidad y clase. A través del método de historias de vida, este libro pretende contribuir a la comprensión de la experiencia de la desaparición de personas ubicando la mirada más allá del acontecimiento violento."
doc024,24,Tinta para la memoria,Voces desde la búsqueda,Testimonios e historias de búsqueda de Veracruz,Recopilación de testimonios sobre la búsqueda de personas para personas buscadoras y sensibilización de autoridades,Fundación Heinrich Boll,2020,,Ink For Memory is a collection of stories from victims of disappearances in various regions of Veracruz. These stories examine the role that a personal story plays in the life and the importance of preserving intimate remnants of history that function as imprints of traces of people who are missing and continue to play a vital role even within their absence. These stories transfer the missing back into the present — sacred passages that record a history of relation and belonging. ,https://mx.boell.org/es/2021/03/03/tinta-para-la-memoria,,mx-info@mx.boell.org,Jonathan,Approved ,Yes,,,"Este libro es producto de un acto de amor hacia las personas desaparecidas en el estado de Veracruz, un homenaje a sus vidas, al cariño que ofrecieron a sus familiares y amigos. Las personas que hoy les buscan desean tener una memoria impresa que dé cuenta de sus seres queridos, para darla a conocer a la sociedad en la que viven. Vale la pena recordar que estos hombres y mujeres desaparecidos y sus familiares son parte fundamental de nuestro país. Tinta para la memoria acoge siete relatos de personas que están desaparecidas desde hace tiempo, además de doce cartas y dos poemas que padres, hermanos e hijos escribieron para los seres que no están hoy con ellos. Los escritos que se presentan corresponden a 19 personas víctimas de desaparición en diversos municipios del estado de Veracruz entre 2010 y 2018. Seis de los siete relatos que abren este libro son fruto de entrevistas realizadas entre 2018 y 2019 con integrantes del grupo Buscando a nuestros desaparecidos y desaparecidas Veracruz, por la verdad y la justicia. El séptimo es un escrito biográfico sobre un maestro también desaparecido en el estado."
doc025,25,Memoria de un Corazón Ausente. Historias de Vida,Voces desde la búsqueda,Testimonios e historias de búsqueda de Coahuila,Recopilación de testimonios sobre la búsqueda de personas para personas buscadoras y sensibilización de autoridades,Fundación Heinrich Boll,2018,,"Memory of an Absent Heart: life stories are the efforts of memory recovery work by wives and sisters of disappeared persons in Coahuila. These women follow a meditation on the memory process of being seen and not being seen, where the missing are viewed as a reduction of life. These women resignify the distances of the missing as a search for life through their stories and voices.",https://mx.boell.org/es/2018/05/09/memoria-de-un-corazon-ausente-historias-de-vida,,mx-info@mx.boell.org,Jonathan,Approved ,Yes,,,"Memoria de un corazón ausente. Historias de vida, es el resultado de un trabajo de recuperación de memoria que se realizó con doce mujeres que son madres, esposas y hermanas de personas desaparecidas en el estado de Coahuila. A la desaparición de una persona le sigue el que su vida se reduzca a ser una persona desaparecida. Con Memoria de un Corazón Ausente nos proponemos cambiar esta narrativa, resignificando la historia de personas desaparecidas en la voz de las mujeres que compartieron su cotidianeidad, a la luz del concepto búsqueda de vida."
doc026,26,No hay lugar en este país,Voces desde la búsqueda,Testimonios e historias de búsqueda de 13 familares,Recopilación de testimonios sobre la búsqueda de personas para personas buscadoras y sensibilización de autoridades,Fundar. Centro de Análisis e Investigación,2021,,No hay lugar en este pais consists of thirteen stories on the aftermath of horror and death and the remnants of trauma that live beyond the catastrophes of the disappeared. These stories further reflect hope and room to grow — there is new love through unity between communities who share the grief that manifests new beginnings of collective strength and new roots of life. ,https://nohaylugarenestepais.mx/,,"Mariana Gurrola, Comunicación Fundar. comunicacion@fundar.org.mx",Jonathan,Approved,Yes,,,"13 autoras y autores, familiares de personas desaparecidas desafían el silenciamiento y abren espacio para escribir la narrativa desde sus voces. Las y los autores del libro “No hay lugar en este país” cuentan sobre la herida de la desaparición que abre un abismo, un antes y un después. El después de la guerra que penetra en las casas, rompe, arranca, y fractura. La desesperación y el tiempo que, detenido, parece una eternidad frente a la indolencia de quien no quiere recibir una denuncia porque está por acabar su turno. En estos relatos la crueldad se multiplica disfrazada de trámites burocráticos, oficios, diligencias mal hechas, restos humanos en bolsas de plástico. En “No hay lugar en este país” descubrimos historias habitadas por la esperanza de quienes han aprendido a vivir y a caminar de la mano, del amor inconmensurable de quien toma una pala para buscar y enterrar dignamente a las hijas y los hijos de este país herido."
doc027,27,¿Qué hacer frente a la desaparición de una persona?,Herramientas para la búsqueda,"Guía de Búsqueda, primeras horas",Recurso para colectivos y personas buscadoras,i(dh)eas,2021,,,https://www.idheas.org.mx/publicaciones-idheas/guia-que-hacer-frente-a-la-desaparicion-de-una-persona/,,,Monica,Approved,,,,